system,accuracy,macro_f1,weighted_f1,accuracy_ci_lower,accuracy_ci_upper,macro_f1_ci_lower,macro_f1_ci_upper
pubmedbert_focused_replay10_trainonly_weighted,0.5933333333333334,0.48310046573519627,0.586137249310902,0.5133333333333333,0.6733333333333333,0.39421071556993886,0.5733483467828818
pubmedbert_weighted,0.4866666666666667,0.40556345819503714,0.49569148095463883,0.4,0.5666666666666667,0.32623131585395737,0.48502569555201136
pubmedbert_focused_replay20_trainonly_weighted,0.58,0.4762578884530105,0.5730496332935358,0.49333333333333335,0.66,0.37877489826515315,0.5627454119871604
pubmedbert_full_matched_weighted,0.5533333333333333,0.46162919411327064,0.5481848041083711,0.47333333333333333,0.6333333333333333,0.36694033935413245,0.553131313131313
pubmedbert_focused_matched_weighted,0.49333333333333335,0.37805366388162476,0.48819770578472393,0.4066666666666667,0.5733333333333334,0.30503697195987994,0.4501372693130472
